23:49:00,0.0,-25000.0,0.0
23:49:01,0.0,-25000.0,0.0
23:49:02,0.0,-25000.0,0.0
23:49:04,0.0,-25000.0,0.0
23:49:05,0.0,-25000.0,0.0
23:49:06,0.0,-25000.0,0.0
23:49:07,0.0,-25000.0,0.0
23:49:08,0.0,-25000.0,0.0
23:49:10,0.0,-25000.0,0.0
23:49:11,0.0,-25000.0,0.0
23:49:12,0.0,-25000.0,0.0
23:49:13,0.0,-25000.0,0.0
23:49:15,0.0,-25000.0,0.0
23:49:16,0.0,-25000.0,0.0
23:49:17,0.0,-25000.0,0.0
23:49:18,0.0,-25000.0,0.0
23:49:20,0.0,-25000.0,0.0
23:49:21,0.0,-25000.0,0.0
23:49:22,0.0,-25000.0,0.0
23:49:23,0.0,-25000.0,0.0
23:49:24,0.0,-25000.0,0.0
23:49:26,0.0,-25000.0,0.0
23:49:27,0.0,-25000.0,0.0
23:49:28,0.0,-25000.0,0.0
23:49:29,0.0,-25000.0,0.0
23:49:31,0.0,-25000.0,0.0
23:49:32,0.0,-25000.0,0.0
23:49:33,0.0,-25000.0,0.0
23:49:34,0.0,-25000.0,0.0
23:49:35,0.0,-25000.0,0.0
23:49:37,0.0,-25000.0,0.0
23:49:38,0.0,-25000.0,0.0
23:49:39,0.0,-25000.0,0.0
23:49:40,0.0,-25000.0,0.0
23:49:42,0.0,-25000.0,0.0
23:49:43,0.0,-25000.0,0.0
23:49:44,0.0,-25000.0,0.0
23:49:45,0.0,-25000.0,0.0
23:49:47,0.0,-25000.0,0.0
23:49:48,0.0,-25000.0,0.0
23:49:49,0.0,-25000.0,0.0
23:49:50,0.0,-25000.0,0.0
23:49:52,0.0,-25000.0,0.0
23:49:53,0.0,-25000.0,0.0
23:49:54,0.0,-25000.0,0.0
23:49:55,0.0,-25000.0,0.0
23:49:56,0.0,-25000.0,0.0
23:49:58,0.0,-25000.0,0.0
23:49:59,0.0,-25000.0,0.0
23:50:00,0.0,-25000.0,0.0
23:50:01,0.0,-25000.0,0.0
23:50:03,0.0,-25000.0,0.0
23:50:04,0.0,-25000.0,0.0
23:50:05,0.0,-25000.0,0.0
23:50:06,0.0,-25000.0,0.0
23:50:07,0.0,-25000.0,0.0
23:50:09,0.0,-25000.0,0.0
23:50:10,0.0,-25000.0,0.0
23:50:11,0.0,-25000.0,0.0
23:50:12,0.0,-25000.0,0.0
23:50:14,0.0,-25000.0,0.0
23:50:15,0.0,-25000.0,0.0
23:50:16,0.0,-25000.0,0.0
23:50:17,0.0,-25000.0,0.0
23:50:18,0.0,-25000.0,0.0
23:50:20,0.0,-25000.0,0.0
23:50:21,0.0,-25000.0,0.0
23:50:22,0.0,-25000.0,0.0
23:50:23,0.0,-25000.0,0.0
23:50:25,0.0,-25000.0,0.0
23:50:26,0.0,-25000.0,0.0
23:50:27,0.0,-25000.0,0.0
23:50:28,0.0,-25000.0,0.0
23:50:30,0.0,-25000.0,0.0
23:50:31,0.0,-25000.0,0.0
23:50:32,0.0,-25000.0,0.0
23:50:33,0.0,-25000.0,0.0
23:50:34,0.0,-25000.0,0.0
23:50:36,0.0,-25000.0,0.0
23:50:37,0.0,-25000.0,0.0
23:50:38,0.0,-25000.0,0.0
23:50:39,0.0,-25000.0,0.0
23:50:41,0.0,-25000.0,0.0
23:50:42,0.0,-25000.0,0.0
23:50:43,0.0,-25000.0,0.0
23:50:44,0.0,-25000.0,0.0
23:50:46,0.0,-25000.0,0.0
23:50:47,0.0,-25000.0,0.0
23:50:48,0.0,-25000.0,0.0
23:50:49,0.0,-25000.0,0.0
23:50:50,0.0,-25000.0,0.0
23:50:52,0.0,-25000.0,0.0
23:50:53,0.0,-25000.0,0.0
23:50:54,0.0,-25000.0,0.0
23:50:55,0.0,-25000.0,0.0
23:50:57,0.0,-25000.0,0.0
23:50:58,0.0,-25000.0,0.0
23:50:59,0.0,-25000.0,0.0
23:51:00,0.0,-25000.0,0.0
23:51:01,0.0,-25000.0,0.0
23:51:03,0.0,-25000.0,0.0
23:51:04,0.0,-25000.0,0.0
23:51:05,0.0,-25000.0,0.0
23:51:06,0.0,-25000.0,0.0
23:51:08,0.0,-25000.0,0.0
23:51:09,0.0,-25000.0,0.0
23:51:10,0.0,-25000.0,0.0
23:51:11,0.0,-25000.0,0.0
23:51:13,0.0,-25000.0,0.0
23:51:14,0.0,-25000.0,0.0
23:51:15,0.0,-25000.0,0.0
23:51:16,0.0,-25000.0,0.0
23:51:17,0.0,-25000.0,0.0
23:51:19,0.0,-25000.0,0.0
23:51:20,0.0,-25000.0,0.0
23:51:21,0.0,-25000.0,0.0
23:51:22,0.0,-25000.0,0.0
23:51:24,0.0,-25000.0,0.0
23:51:25,0.0,-25000.0,0.0
23:51:26,0.0,-25000.0,0.0
23:51:27,0.0,-25000.0,0.0
23:51:29,0.0,-25000.0,0.0
23:51:30,0.0,-25000.0,0.0
23:51:31,0.0,-25000.0,0.0
23:51:32,0.0,-25000.0,0.0
23:51:33,0.0,-25000.0,0.0
23:51:35,0.0,-25000.0,0.0
23:51:36,0.0,-25000.0,0.0
23:51:37,0.0,-25000.0,0.0
23:51:38,0.0,-25000.0,0.0
23:51:40,0.0,-25000.0,0.0
23:51:41,0.0,-25000.0,0.0
23:51:42,0.0,-25000.0,0.0
23:51:43,0.0,-25000.0,0.0
23:51:45,0.0,-25000.0,0.0
23:51:46,0.0,-25000.0,0.0
23:51:47,0.0,-25000.0,0.0
23:51:48,0.0,-25000.0,0.0
23:51:49,0.0,-25000.0,0.0
23:51:51,0.0,-25000.0,0.0
23:51:52,0.0,-25000.0,0.0
23:51:53,0.0,-25000.0,0.0
23:51:54,0.0,-25000.0,0.0
23:51:56,0.0,-25000.0,0.0
23:51:57,0.0,-25000.0,0.0
23:51:58,0.0,-25000.0,0.0
23:51:59,0.0,-25000.0,0.0
23:52:00,0.0,-25000.0,0.0
23:52:02,0.0,-25000.0,0.0
23:52:03,0.0,-25000.0,0.0
23:52:04,0.0,-25000.0,0.0
23:52:05,0.0,-25000.0,0.0
23:52:07,0.0,-25000.0,0.0
23:52:08,0.0,-25000.0,0.0
20:54:44,0.0,-25000.0,0.0
20:54:45,0.0,-25000.0,0.0
20:54:46,0.0,-25000.0,0.0
20:54:47,0.0,-25000.0,0.0
20:54:49,0.0,-25000.0,0.0
20:54:50,0.0,-25000.0,0.0
20:54:51,0.0,-25000.0,0.0
20:54:52,0.0,-25000.0,0.0
20:54:54,0.0,-25000.0,0.0
20:54:55,0.0,-25000.0,0.0
20:54:56,0.0,-25000.0,0.0
20:54:57,0.0,-25000.0,0.0
20:54:59,0.0,-25000.0,0.0
20:55:00,0.0,-25000.0,0.0
20:55:01,0.0,-25000.0,0.0
22:38:46,3.85,0,0
22:38:47,3.11,0,0
22:38:48,3.76,0,0
22:38:49,4.8,0,0
22:38:51,3.98,0,0
22:38:52,3.78,0,0
22:38:54,4.08,0,0
22:38:55,4.46,0,0
22:38:56,4.6,0,0
22:38:57,4,0,0
22:38:59,3.09,0,0
22:39:00,3.77,0,0
22:39:01,4.18,0,0
22:39:02,4.03,0,0
22:39:04,4.36,0,0
22:39:05,3.91,0,0
22:39:06,4.03,0,0
22:39:07,4.11,0,0
22:39:08,4.3,0,0
22:39:10,3.93,0,0
22:39:11,3.89,0,0
22:39:12,3.98,0,0
22:39:13,3.74,0,0
22:39:15,4.22,0,0
22:39:16,4.09,0,0
22:39:17,4.25,0,0
22:39:18,4.25,0,0
22:39:20,3.59,0,0
22:39:21,3.88,0,0
22:39:22,4.15,0,0
22:39:23,3.79,0,0
22:39:24,3.2,0,0
22:39:26,4.35,0,0
22:39:27,3.79,0,0
22:39:28,4.98,0,0
22:39:29,4.55,0,0
22:39:31,3.57,0,0
22:39:32,4.39,0,0
22:39:33,4.88,0,0
22:39:34,4.24,0,0
22:39:35,4.38,0,0
22:39:37,4.63,0,0
22:39:38,4.55,0,0
22:39:39,4.29,0,0
22:39:40,3.72,0,0
22:39:42,4.42,0,0
22:39:43,3.65,0,0
22:39:44,3.92,0,0
